Label,Httpchk,Rank,domain_registration_length,age_domain,ssl,Having_IP,URL_Length,urlpath_length,Host_Length,Tokens,No_of_specialchar,No_of_slash,No_of_hyphen,Dots_in_url,Security_sensitive,getASN,tiny_url,Redirection_//_symbol,i_frame,links_in_tags,url_of_anchor
1,0,-1,-1,-1,1,0,0,6,29,6,7,0,2,0,1,-1,0,0,-1,-1,-1
1,1,-1,-1,-1,1,0,0,1,17,3,5,0,0,0,0,-1,0,0,-1,-1,-1
1,0,-1,-1,-1,1,0,1,19,41,7,11,0,0,1,0,26333,0,0,-1,-1,-1
1,1,-1,-1,-1,0,0,0,10,15,7,12,0,0,1,1,-1,0,0,0,8,36
1,1,-1,-1,-1,1,0,1,41,12,9,14,1,0,1,0,18779,0,0,-1,-1,-1
1,1,-1,1,0,0,0,0,1,21,3,5,0,0,0,0,-1,0,0,0,0,2
1,0,-1,-1,-1,1,0,0,10,20,6,7,0,1,0,1,12876,0,0,-1,-1,-1
1,0,-1,1,0,1,0,1,16,13,8,13,0,0,1,0,-1,0,0,-1,-1,-1
1,1,-1,-1,-1,-1,0,0,8,7,4,5,0,0,0,0,4766,0,0,0,0,0
1,0,0,-1,-1,-1,0,1,22,37,18,23,0,2,0,1,702,0,0,0,0,4
1,1,-1,-1,-1,0,0,1,30,27,10,11,0,0,0,0,-1,0,0,0,0,0
1,1,-1,-1,-1,1,0,0,15,23,7,9,0,1,0,0,-1,1,0,-1,-1,-1
1,0,-1,-1,-1,-1,0,1,57,18,12,14,1,0,0,3,3,0,0,0,0,0
1,1,-1,-1,-1,-1,0,0,25,12,6,8,0,0,0,0,16265,0,0,0,7,8
1,1,-1,-1,-1,1,0,0,14,20,7,9,0,1,0,0,-1,0,0,-1,-1,-1
1,1,-1,-1,-1,-1,0,1,52,20,8,10,0,0,0,0,-1,0,0,0,52,14
1,1,-1,-1,-1,-1,0,0,16,23,9,10,0,1,1,0,27823,0,0,0,0,0
1,1,-1,1,0,1,0,0,1,21,3,5,0,0,0,0,-1,0,0,-1,-1,-1
1,1,-1,-1,-1,1,0,0,5,25,4,5,0,0,0,0,-1,0,0,-1,-1,-1
1,1,-1,-1,-1,-1,0,0,14,15,7,8,0,1,0,0,13768,0,0,0,62,15
1,1,-1,-1,-1,1,0,0,22,24,9,11,0,0,1,1,-1,0,0,-1,-1,-1
1,1,-1,-1,-1,1,0,1,42,18,11,12,1,0,0,0,-1,0,0,-1,-1,-1
1,1,-1,-1,-1,1,0,1,48,23,8,10,0,1,0,0,-1,1,0,-1,-1,-1
1,1,-1,-1,-1,0,0,1,45,49,14,15,0,5,0,0,40034,1,0,0,0,0
1,1,-1,-1,-1,-1,0,0,19,23,8,9,0,0,0,0,-1,0,0,0,0,0
1,1,-1,-1,-1,-1,0,1,31,20,8,9,0,0,0,1,32244,0,0,0,1,92
1,1,-1,-1,-1,1,0,1,38,31,18,23,0,1,0,1,-1,0,0,-1,-1,-1
1,1,-1,-1,-1,-1,0,1,28,21,9,10,0,0,0,0,26496,1,0,0,0,0
1,1,-1,-1,-1,1,0,0,37,9,10,12,1,0,0,0,-1,0,0,-1,-1,-1
1,1,0,-1,-1,-1,0,0,8,6,4,5,0,0,0,0,3257,1,0,0,1,4
1,1,1,-1,-1,-1,0,1,20,28,8,9,0,0,0,0,-1,0,0,0,1,3
1,1,-1,-1,-1,-1,0,1,39,13,9,10,0,0,0,0,26496,0,0,0,0,0
1,1,1,0,0,-1,0,1,83,16,16,18,1,0,0,0,46606,0,0,0,0,0
1,1,-1,-1,-1,1,0,0,26,11,7,8,0,0,0,0,-1,0,0,-1,-1,-1
1,1,-1,-1,-1,1,0,1,44,20,11,12,1,1,0,1,-1,0,0,-1,-1,-1
1,1,-1,-1,-1,-1,0,1,54,15,11,12,0,0,1,2,-1,0,0,0,0,0
1,1,-1,-1,-1,-1,0,1,38,9,9,12,0,0,0,2,-1,0,0,0,1,1
1,1,-1,1,0,0,0,1,33,23,9,10,0,0,0,1,36351,0,0,0,0,0
1,0,-1,-1,0,1,0,1,38,17,8,9,0,1,0,0,209,0,0,-1,-1,-1
1,1,-1,-1,-1,-1,0,1,81,18,12,14,1,0,0,2,3,0,0,0,0,0
1,1,-1,-1,-1,1,0,1,7,68,15,17,0,3,1,1,-1,0,0,-1,-1,-1
1,1,-1,-1,-1,1,0,0,16,20,7,8,0,1,0,0,-1,0,0,-1,-1,-1
1,1,-1,-1,-1,1,0,1,45,59,8,9,0,0,1,0,-1,0,0,-1,-1,-1
1,1,1,-1,-1,0,0,1,32,16,7,8,0,0,0,0,53804,0,0,0,7,307
1,1,-1,-1,-1,-1,0,1,41,18,11,12,0,0,0,0,8342,0,0,0,0,2
1,1,-1,-1,-1,1,0,0,14,26,8,9,0,0,1,0,-1,0,0,-1,-1,-1
1,1,1,-1,-1,-1,0,1,73,19,16,17,1,0,1,0,-1,0,0,0,0,1
1,1,-1,-1,-1,-1,0,0,7,19,5,6,0,0,0,0,-1,0,0,0,0,1
1,1,-1,-1,-1,1,0,1,28,25,7,8,0,0,0,0,-1,0,0,-1,-1,-1
1,1,1,-1,-1,0,0,1,51,17,10,11,0,0,0,0,-1,0,0,0,28,136
1,1,-1,-1,-1,0,0,1,33,23,9,10,0,0,0,1,36351,0,0,0,0,0
1,1,1,0,0,0,0,1,35,17,9,10,0,0,0,0,237,0,0,0,7,51
1,0,0,-1,-1,0,0,0,27,10,7,8,0,0,0,0,-1,0,0,0,9,3
1,1,-1,-1,-1,-1,0,0,1,20,4,6,0,0,0,0,-1,0,0,0,0,1
1,1,-1,-1,-1,1,0,1,27,35,56,58,0,1,1,0,-1,1,0,-1,-1,-1
1,0,0,-1,-1,0,0,0,7,11,4,6,0,0,0,0,-1,0,0,0,1,4
1,1,-1,-1,-1,1,0,1,47,31,20,26,0,1,0,1,-1,0,0,-1,-1,-1
1,1,-1,-1,-1,-1,0,1,61,25,11,12,1,1,0,0,31034,0,0,0,0,0
1,1,-1,-1,-1,1,0,0,17,9,6,7,0,0,0,0,-1,0,0,-1,-1,-1
1,1,-1,-1,-1,1,0,0,22,23,6,9,0,0,0,0,-1,0,0,-1,-1,-1
1,1,-1,-1,-1,1,0,0,16,21,8,9,0,1,0,1,-1,0,0,-1,-1,-1
1,1,1,-1,-1,-1,0,1,39,28,6,8,0,0,0,0,30447,0,0,0,0,0
1,1,-1,0,0,-1,0,1,32,20,38,42,0,0,1,0,-1,0,0,0,0,0
1,0,-1,-1,-1,1,0,1,18,44,17,19,0,0,1,1,-1,0,0,-1,-1,-1
1,1,-1,-1,-1,1,0,1,45,34,21,27,0,2,0,1,-1,0,0,-1,-1,-1
1,1,-1,-1,-1,1,0,1,57,30,11,13,0,2,0,0,-1,0,0,-1,-1,-1
1,1,-1,-1,-1,-1,0,1,52,10,7,8,0,0,0,1,20473,0,0,0,0,0
1,0,0,-1,-1,-1,0,1,22,27,16,21,0,0,0,1,702,0,0,0,0,4
1,1,-1,-1,-1,1,0,1,41,24,7,9,0,1,0,0,-1,0,0,-1,-1,-1
1,1,-1,-1,-1,1,0,1,62,19,12,13,1,0,0,0,-1,0,0,-1,-1,-1
1,1,-1,-1,-1,1,0,1,42,22,7,9,0,0,0,0,-1,0,0,-1,-1,-1
1,0,0,-1,-1,-1,0,1,23,29,17,22,0,1,0,2,702,0,0,0,0,4
1,1,-1,-1,-1,-1,0,1,88,7,22,25,1,0,0,0,42289,0,0,0,0,0
1,0,-1,0,0,1,0,1,35,25,14,15,0,0,0,1,32244,0,0,-1,-1,-1
1,0,0,-1,-1,0,0,1,1,19,13,16,0,0,1,1,20940,0,0,0,1,7
1,1,-1,-1,-1,1,0,0,12,16,4,6,0,0,0,0,-1,0,0,-1,-1,-1
1,1,0,0,-1,0,0,1,48,8,9,11,0,0,0,0,-1,0,0,0,21,59
1,0,0,0,0,0,0,0,1,20,7,10,0,0,0,0,20940,0,0,0,0,1
1,0,0,-1,-1,0,0,0,25,15,9,10,0,0,0,0,-1,0,0,0,3,466
1,1,1,-1,-1,1,0,0,1,35,6,8,0,2,0,0,-1,0,0,-1,-1,-1
1,1,1,-1,-1,0,0,1,58,16,9,11,1,0,0,0,19318,1,0,0,3,1
1,1,-1,-1,-1,-1,0,0,13,13,5,7,0,0,0,0,-1,0,0,0,17,1
1,1,-1,-1,-1,1,0,0,20,19,8,9,0,0,0,0,-1,0,0,-1,-1,-1
1,0,0,-1,-1,0,0,1,1,9,9,13,0,0,0,0,2914,0,0,0,0,2
1,1,-1,-1,-1,1,0,0,21,24,9,10,0,0,1,1,-1,0,0,-1,-1,-1
1,1,-1,-1,-1,1,0,0,8,9,5,7,0,0,0,0,-1,0,0,-1,-1,-1
1,1,-1,-1,-1,-1,0,1,40,11,6,9,0,0,0,0,-1,0,0,0,3,20
1,1,-1,-1,-1,-1,0,0,19,13,6,7,0,0,0,0,-1,0,0,0,0,0
1,1,-1,-1,-1,-1,0,1,53,13,7,8,0,0,0,1,46606,0,0,0,0,0
1,1,-1,-1,-1,-1,0,1,32,19,8,9,0,0,0,1,-1,0,0,0,0,0
1,1,-1,-1,-1,1,0,1,47,18,6,8,0,0,0,0,-1,0,0,-1,-1,-1
1,1,-1,-1,-1,1,0,1,50,25,11,12,0,0,0,2,-1,0,0,-1,-1,-1
1,0,-1,-1,-1,1,0,1,73,29,13,14,1,0,1,0,-1,0,0,-1,-1,-1
1,1,-1,-1,-1,1,0,1,49,25,11,12,0,0,0,1,-1,0,0,-1,-1,-1
1,1,-1,-1,-1,1,0,0,20,13,6,7,0,0,0,2,-1,0,0,-1,-1,-1
1,1,0,-1,-1,-1,0,1,22,31,16,21,0,0,0,1,702,0,0,0,0,4
1,1,-1,-1,-1,1,0,1,50,24,12,14,0,2,0,1,-1,0,0,-1,-1,-1
1,1,-1,-1,-1,-1,0,0,14,16,5,7,0,0,0,0,18747,0,0,0,0,0
1,1,-1,1,-1,0,0,0,18,19,7,8,0,0,0,0,-1,1,0,0,4,102
1,0,1,-1,-1,-1,0,0,8,7,4,5,0,0,0,0,3257,0,0,0,1,4
1,1,-1,-1,-1,1,0,0,26,15,7,9,0,0,0,0,-1,0,0,-1,-1,-1
1,0,-1,-1,-1,1,0,1,46,22,12,13,0,0,1,0,-1,0,0,-1,-1,-1
1,0,-1,-1,-1,1,0,1,43,55,12,13,0,3,1,2,-1,0,0,-1,-1,-1
1,1,-1,-1,-1,1,0,1,53,28,7,9,0,1,0,0,-1,0,0,-1,-1,-1
1,1,-1,-1,-1,1,0,1,80,13,11,12,1,0,0,0,-1,1,0,-1,-1,-1
1,0,1,-1,-1,-1,0,1,55,18,15,16,1,0,1,2,-1,0,0,0,0,1
1,1,-1,-1,-1,-1,0,1,41,18,11,13,1,0,0,0,36351,0,0,0,0,0
1,1,0,-1,-1,0,0,1,69,22,13,14,0,0,0,0,-1,0,0,0,26,43
1,1,-1,-1,-1,-1,0,1,60,25,11,12,1,1,0,0,31034,0,0,0,0,0
1,1,-1,-1,-1,0,0,0,6,26,4,6,0,0,0,0,26347,1,0,0,0,0
1,1,1,-1,-1,0,0,0,1,16,3,5,0,0,0,0,-1,0,0,0,1,156
1,0,0,-1,-1,0,0,1,18,22,15,16,0,0,0,0,25046,1,0,0,10,252
1,1,0,1,-1,-1,0,0,1,15,4,6,0,0,0,0,-1,0,0,0,0,0
1,1,-1,-1,-1,1,0,0,4,22,5,7,0,0,0,0,-1,0,0,-1,-1,-1
1,0,0,0,-1,0,0,1,11,17,9,11,0,0,1,1,-1,0,0,0,0,8
1,1,-1,1,0,-1,0,0,21,15,8,9,0,0,0,1,36351,0,0,0,0,0
1,1,-1,-1,-1,-1,0,0,22,23,9,10,0,0,1,1,-1,0,0,0,0,0
1,1,-1,-1,-1,1,0,0,1,21,4,6,0,1,0,1,-1,0,0,-1,-1,-1
1,1,1,1,0,0,0,1,21,22,14,16,0,0,0,0,-1,0,0,0,1,0
1,1,-1,1,0,-1,0,1,66,28,10,12,1,0,0,0,237,0,0,0,0,0
1,1,-1,-1,-1,-1,0,0,9,7,5,7,0,0,0,0,32475,0,0,0,0,1
1,1,-1,-1,-1,1,0,1,56,14,14,15,1,0,1,1,-1,0,0,-1,-1,-1
1,1,-1,-1,-1,-1,0,1,28,21,8,11,0,0,0,0,42612,0,0,0,2,31
1,1,-1,-1,-1,0,0,0,1,19,4,6,0,0,0,0,-1,1,0,0,3,1
1,1,-1,-1,-1,1,0,1,27,32,19,24,0,2,0,2,-1,0,0,-1,-1,-1
1,1,-1,-1,-1,-1,0,1,54,14,11,13,1,0,0,3,3,0,0,0,0,0
1,1,-1,-1,-1,1,0,1,37,20,10,11,1,0,0,0,-1,0,0,-1,-1,-1
1,1,-1,-1,-1,-1,0,1,91,22,10,12,1,0,0,0,-1,0,0,0,28,2
1,0,1,-1,-1,0,0,1,29,20,7,8,0,0,0,0,20021,0,0,0,0,1
1,1,-1,-1,-1,1,0,1,47,21,11,12,1,0,0,0,-1,0,0,-1,-1,-1
1,1,-1,-1,-1,1,0,1,47,31,20,26,0,1,0,1,-1,0,0,-1,-1,-1
1,1,0,-1,-1,0,0,0,12,19,5,7,0,0,0,0,-1,0,0,0,5,20
1,1,1,-1,-1,-1,0,1,67,12,13,14,1,0,1,1,6697,0,0,0,21,5
1,1,-1,-1,-1,1,0,0,16,20,6,7,0,0,0,0,-1,0,0,-1,-1,-1
1,0,0,-1,-1,-1,0,1,21,38,16,22,0,0,0,0,702,0,0,0,0,4
1,1,-1,-1,-1,0,0,1,40,18,15,16,1,0,0,2,-1,0,0,0,0,1
1,1,-1,-1,-1,1,0,0,17,13,7,9,1,0,0,0,-1,0,0,-1,-1,-1
1,1,-1,-1,-1,-1,0,1,35,26,11,12,1,0,1,0,237,0,0,0,26,7
1,1,1,-1,-1,0,0,0,22,20,6,7,0,0,0,0,20021,0,0,0,0,1
1,1,1,1,0,-1,0,1,72,22,14,18,0,0,1,0,17225,0,0,0,0,0
1,0,1,-1,-1,-1,0,1,48,23,13,14,1,0,0,0,53889,0,0,0,53,4
1,0,0,-1,-1,-1,0,0,12,32,6,7,0,0,0,0,702,0,0,0,0,4
1,1,0,-1,-1,0,0,0,26,14,9,10,0,0,1,0,31674,0,0,0,0,0
1,1,-1,-1,-1,1,0,1,13,53,14,16,0,5,0,1,-1,0,0,-1,-1,-1
1,1,0,-1,-1,-1,0,1,23,33,16,21,0,0,0,1,702,0,0,0,0,4
1,1,-1,-1,-1,1,0,1,80,22,13,14,0,0,0,0,40034,0,0,-1,-1,-1
1,1,-1,-1,-1,1,0,0,22,18,7,8,0,0,0,0,-1,0,0,-1,-1,-1
1,1,0,-1,-1,-1,0,0,12,32,8,9,0,2,0,1,702,0,0,0,0,4
1,1,-1,-1,-1,-1,0,0,22,22,8,10,1,0,0,0,15967,0,0,0,0,0
1,1,-1,-1,-1,0,0,1,53,25,24,29,1,0,0,0,7162,0,0,0,0,3
1,1,-1,-1,-1,1,0,0,18,9,8,10,0,1,0,0,-1,0,0,-1,-1,-1
1,1,-1,-1,-1,-1,0,1,53,13,7,8,0,0,0,1,46606,0,0,0,0,0
1,1,-1,1,0,0,0,0,26,14,8,9,0,0,0,1,-1,0,0,0,0,1
1,1,0,1,0,-1,0,1,20,13,13,27,0,0,0,0,-1,1,0,0,0,0
1,1,0,0,0,-1,0,1,63,18,13,15,0,0,0,0,34984,0,0,0,0,0
1,1,-1,-1,-1,1,0,0,28,11,8,9,0,0,0,0,-1,0,0,-1,-1,-1
1,0,1,-1,-1,0,0,1,1,18,7,13,0,0,0,0,-1,0,0,0,11,0
1,1,-1,-1,-1,1,0,1,46,25,14,15,0,0,0,1,-1,0,0,-1,-1,-1
1,0,-1,1,0,-1,0,1,60,23,12,13,1,0,0,0,-1,0,0,0,0,0
1,1,-1,-1,-1,1,0,0,28,17,7,10,0,0,1,0,-1,0,0,-1,-1,-1
1,1,1,-1,-1,0,0,0,16,23,7,8,0,0,0,0,7377,0,0,0,15,15
1,1,-1,-1,-1,1,0,1,54,17,11,12,0,0,0,0,-1,0,0,-1,-1,-1
1,1,-1,-1,-1,1,0,0,11,9,6,8,0,0,0,0,-1,0,0,-1,-1,-1
1,0,0,-1,-1,0,0,1,36,17,11,12,0,0,0,0,-1,0,0,0,2,53
1,1,-1,-1,-1,1,0,0,24,10,7,8,0,0,0,0,-1,0,0,-1,-1,-1
1,1,-1,-1,-1,1,0,0,28,17,10,11,0,1,0,0,-1,0,0,-1,-1,-1
1,1,-1,-1,-1,1,0,1,28,30,8,12,0,0,0,0,-1,0,0,-1,-1,-1
1,0,-1,-1,-1,1,0,1,45,14,10,11,0,0,0,0,-1,0,0,-1,-1,-1
1,1,-1,-1,-1,1,0,0,14,25,6,7,0,0,0,0,-1,0,0,-1,-1,-1
1,1,-1,-1,-1,1,0,0,9,22,6,8,0,0,0,0,-1,0,0,-1,-1,-1
1,1,-1,-1,-1,1,0,0,6,17,5,7,0,1,0,0,-1,0,0,-1,-1,-1
1,1,-1,-1,-1,1,0,1,51,72,17,18,0,0,1,2,-1,0,0,-1,-1,-1
1,1,0,1,-1,-1,0,1,74,15,15,16,0,0,0,0,-1,0,0,0,0,0
1,0,0,-1,-1,-1,0,1,22,29,17,22,0,1,0,2,702,0,0,0,0,4
1,1,-1,-1,-1,1,0,1,34,22,6,8,0,0,0,0,-1,0,0,-1,-1,-1
1,0,-1,-1,-1,1,0,1,18,44,17,19,0,0,1,1,-1,0,0,-1,-1,-1
1,0,0,-1,-1,-1,0,1,21,37,18,24,0,2,0,0,702,0,0,0,0,4
1,1,0,0,-1,-1,0,1,49,34,21,23,1,0,0,0,17131,0,0,0,0,0
1,1,-1,-1,-1,1,0,1,37,22,6,8,0,0,0,0,-1,0,0,-1,-1,-1
1,0,-1,-1,-1,1,0,1,42,22,10,11,1,0,0,0,6389,0,0,-1,-1,-1
1,0,1,-1,-1,0,0,0,7,9,5,7,0,0,0,0,-1,1,0,0,1,4
1,1,-1,-1,-1,-1,0,1,63,14,7,9,1,0,0,0,30798,0,0,0,0,0
1,1,-1,-1,-1,1,0,0,20,13,6,7,0,0,0,2,-1,0,0,-1,-1,-1
1,1,-1,-1,-1,-1,0,1,58,25,11,12,1,1,0,0,31034,0,0,0,0,0
1,1,1,0,0,-1,0,1,65,23,11,14,1,1,0,0,39704,0,0,0,8,4750
1,1,0,-1,-1,-1,0,1,21,36,16,22,0,0,0,0,702,0,0,0,0,4
1,1,-1,-1,-1,-1,0,1,42,11,7,9,0,0,0,0,-1,0,0,0,1,1
1,0,0,-1,-1,0,0,1,64,16,20,21,0,0,1,0,35357,0,0,0,0,2
1,1,-1,-1,-1,1,0,1,0,64,8,9,0,2,1,0,-1,1,0,-1,-1,-1
1,0,-1,1,0,1,0,1,17,46,12,14,0,4,0,1,-1,1,0,-1,-1,-1
1,0,-1,-1,-1,1,0,0,0,16,4,5,0,1,0,0,-1,0,0,-1,-1,-1
1,0,-1,-1,-1,1,0,0,7,24,5,6,0,0,0,0,-1,0,0,-1,-1,-1
1,0,-1,1,0,1,0,1,26,22,9,10,0,1,0,1,-1,0,0,-1,-1,-1
1,0,-1,-1,-1,1,0,0,11,16,4,5,0,0,0,0,-1,0,0,-1,-1,-1
1,0,-1,-1,-1,1,0,1,19,13,17,21,0,0,1,2,-1,0,0,-1,-1,-1
1,0,-1,-1,-1,-1,0,0,13,21,6,7,0,0,0,0,-1,0,0,0,0,2
1,1,0,-1,-1,1,0,0,0,32,5,6,0,1,0,0,-1,0,0,-1,-1,-1
1,1,-1,-1,-1,1,0,1,65,22,6,7,0,0,0,1,-1,0,0,-1,-1,-1
1,0,-1,-1,-1,1,0,0,0,16,3,4,0,0,0,0,-1,0,0,-1,-1,-1
1,0,1,-1,-1,1,0,1,178,11,14,20,0,1,0,0,46606,0,0,-1,-1,-1
1,1,-1,-1,-1,-1,0,1,33,24,8,9,0,0,0,1,24940,0,0,0,0,1
1,0,-1,-1,-1,-1,0,0,21,24,6,7,0,0,0,0,24940,0,0,0,0,1
1,1,-1,-1,-1,1,0,0,0,11,4,5,0,1,0,0,-1,0,0,-1,-1,-1
1,1,-1,-1,-1,1,0,0,0,31,4,5,0,0,0,0,-1,0,0,-1,-1,-1
1,1,-1,-1,-1,1,0,0,0,32,4,5,0,0,0,0,-1,0,0,-1,-1,-1
1,1,-1,-1,-1,1,0,0,0,35,5,6,0,1,0,0,-1,0,0,-1,-1,-1
1,1,-1,-1,-1,1,0,0,0,42,6,7,0,2,0,0,-1,0,0,-1,-1,-1
1,1,1,-1,-1,1,0,1,51,20,10,12,0,0,1,0,2614,0,0,-1,-1,-1
1,1,0,-1,-1,1,0,0,0,17,4,5,0,0,0,0,-1,0,0,-1,-1,-1
1,0,1,1,0,1,0,0,8,10,4,5,0,0,0,0,11281,0,0,-1,-1,-1
1,1,-1,-1,-1,1,0,0,0,23,4,5,0,0,0,0,-1,0,0,-1,-1,-1
1,1,-1,-1,-1,1,0,1,27,50,11,12,0,4,0,0,-1,0,0,-1,-1,-1
1,1,-1,-1,-1,1,0,1,59,22,10,11,1,0,0,0,46606,0,0,-1,-1,-1
1,1,-1,-1,-1,1,0,0,5,19,4,5,0,0,0,0,-1,0,0,-1,-1,-1
1,1,-1,-1,-1,1,0,0,5,19,4,5,0,0,0,0,-1,0,0,-1,-1,-1
1,1,-1,1,0,-1,0,1,42,24,7,9,0,0,0,0,32392,1,0,0,0,0
1,0,-1,-1,-1,1,0,0,0,15,3,4,0,0,0,0,-1,0,0,-1,-1,-1
1,1,-1,1,0,-1,0,0,29,18,8,9,0,0,0,0,46606,0,0,0,0,0
1,1,-1,-1,-1,1,0,0,5,17,5,6,0,1,0,0,-1,0,0,-1,-1,-1
1,0,-1,0,0,1,0,0,10,10,4,5,0,0,0,0,32392,0,0,-1,-1,-1
1,1,-1,-1,-1,1,0,1,0,64,8,9,0,2,1,0,-1,1,0,-1,-1,-1
1,1,0,-1,-1,1,0,0,0,23,4,5,0,0,0,0,-1,0,0,-1,-1,-1
1,1,-1,-1,-1,1,0,0,0,16,4,5,0,0,0,0,-1,0,0,-1,-1,-1
1,0,-1,-1,-1,1,0,0,0,24,4,5,0,0,0,0,-1,0,0,-1,-1,-1
1,1,-1,-1,-1,1,0,1,13,31,11,12,0,2,1,0,55081,0,0,-1,-1,-1
1,0,1,-1,-1,-1,0,1,31,23,14,16,0,0,1,0,46606,0,0,0,0,0
1,1,-1,-1,-1,1,0,1,0,64,8,9,0,2,1,0,-1,1,0,-1,-1,-1
1,1,-1,-1,-1,1,0,0,0,32,5,6,0,1,0,0,-1,0,0,-1,-1,-1
1,0,-1,-1,-1,-1,0,0,4,27,5,6,0,0,0,0,32392,0,0,0,0,0
1,0,-1,1,0,-1,0,1,30,18,8,9,0,0,0,1,20013,0,0,0,0,0
1,1,-1,-1,-1,1,0,0,0,33,6,7,0,2,0,0,-1,0,0,-1,-1,-1
1,1,-1,-1,-1,0,0,1,1,29,10,15,0,0,0,0,-1,0,0,0,0,0
1,0,0,-1,-1,1,0,0,0,35,4,5,0,0,0,0,-1,0,0,-1,-1,-1
1,0,-1,1,0,1,0,0,11,15,5,6,0,0,0,0,44050,0,0,-1,-1,-1
1,0,-1,-1,-1,1,0,1,11,15,11,13,0,0,0,0,-1,0,0,-1,-1,-1
1,0,-1,-1,-1,0,0,1,13,6,7,8,0,0,0,0,24940,0,0,0,0,1
1,1,1,1,0,-1,0,0,17,18,4,6,0,0,0,0,46606,1,0,0,0,4
1,0,1,-1,-1,1,0,0,0,25,4,5,0,0,0,0,-1,0,0,-1,-1,-1
1,1,-1,-1,-1,1,0,0,0,23,4,5,0,0,0,0,-1,0,0,-1,-1,-1
1,0,-1,-1,-1,1,0,1,15,8,57,89,0,0,1,0,29761,0,0,-1,-1,-1
1,0,-1,1,0,1,0,0,9,20,4,5,0,0,0,0,-1,0,0,-1,-1,-1
1,1,-1,-1,-1,1,0,0,0,29,6,7,0,2,0,1,-1,0,0,-1,-1,-1
1,0,-1,-1,-1,1,0,0,0,28,5,6,0,1,0,0,-1,0,0,-1,-1,-1
1,1,-1,1,0,1,0,0,14,33,7,8,0,1,0,0,-1,0,0,-1,-1,-1
1,1,-1,-1,-1,1,0,0,28,13,6,7,0,0,0,0,-1,0,0,-1,-1,-1
1,0,-1,-1,-1,1,0,0,0,25,4,5,0,0,0,0,-1,0,0,-1,-1,-1
1,0,0,1,0,-1,0,1,50,24,11,19,0,0,0,0,-1,0,0,0,0,0
1,1,0,-1,-1,1,0,0,0,23,4,5,0,0,0,0,-1,1,0,-1,-1,-1
1,0,-1,-1,-1,1,0,0,0,33,4,5,0,0,0,0,-1,0,0,-1,-1,-1
1,1,-1,-1,-1,1,0,0,0,33,3,4,0,0,0,0,-1,0,0,-1,-1,-1
1,1,-1,0,0,1,0,1,22,26,7,8,0,0,0,0,-1,0,0,-1,-1,-1
1,1,-1,-1,-1,0,0,1,1,20,10,16,0,0,0,0,-1,0,0,0,0,0
1,0,-1,-1,-1,-1,0,0,7,27,4,5,0,0,0,0,40034,0,0,0,0,0
1,1,-1,-1,-1,-1,0,0,5,16,4,5,0,0,0,0,46606,0,0,0,93,12
1,1,-1,-1,-1,1,0,0,26,18,6,7,0,0,0,0,-1,0,0,-1,-1,-1
1,1,-1,-1,-1,1,0,0,11,22,5,6,0,0,0,0,-1,0,0,-1,-1,-1
1,1,1,-1,-1,-1,0,0,11,14,5,6,0,0,0,0,-1,0,0,0,0,0
1,0,-1,-1,-1,1,0,1,23,41,10,12,0,1,0,1,-1,0,0,-1,-1,-1
1,0,0,0,-1,-1,0,1,19,48,13,14,0,4,1,1,-1,0,0,0,0,0
1,1,-1,-1,-1,1,0,1,17,37,8,9,0,3,0,1,-1,0,0,-1,-1,-1
1,1,-1,1,0,-1,0,0,3,20,4,5,0,0,0,0,46606,0,0,0,0,2
1,1,-1,-1,-1,1,0,0,23,11,5,6,0,0,0,0,-1,0,0,-1,-1,-1
1,1,-1,-1,-1,1,0,1,0,57,8,9,0,2,1,0,-1,0,0,-1,-1,-1
1,0,-1,-1,-1,1,0,1,13,56,12,13,0,2,1,0,-1,0,0,-1,-1,-1
1,1,-1,-1,-1,0,0,1,10,19,9,10,0,1,0,0,15975,0,0,0,1,0
1,1,-1,-1,-1,-1,0,0,5,21,4,5,0,0,0,0,46606,0,0,0,0,2
1,0,-1,-1,-1,1,0,0,0,26,4,5,0,1,0,0,-1,0,0,-1,-1,-1
1,1,-1,-1,-1,-1,0,0,9,12,5,6,0,0,0,0,60262,0,0,0,0,0
1,1,-1,0,0,1,0,1,48,12,6,7,0,0,0,0,-1,0,0,-1,-1,-1
1,1,-1,-1,-1,1,0,0,0,29,5,6,0,1,0,0,-1,0,0,-1,-1,-1
1,1,-1,1,0,-1,0,1,32,18,6,7,0,0,0,0,32392,0,0,0,0,0
1,1,-1,1,0,-1,0,1,40,27,6,7,0,0,0,0,32392,0,0,0,0,0
1,1,-1,-1,-1,1,0,0,0,12,4,5,0,1,0,0,-1,0,0,-1,-1,-1
1,0,-1,1,0,-1,0,1,31,26,13,15,0,0,0,0,46606,0,0,0,0,0
1,0,-1,-1,-1,1,0,0,0,27,4,5,0,1,0,0,-1,0,0,-1,-1,-1
1,0,-1,-1,-1,-1,0,1,54,24,14,16,0,0,0,1,6428,0,0,0,23,2
1,1,1,-1,-1,-1,0,1,13,34,9,10,0,1,0,0,54641,0,0,0,0,0
1,1,0,-1,-1,-1,0,1,133,35,11,12,1,0,0,0,8151,0,0,0,0,0
1,0,-1,-1,-1,1,0,0,0,16,4,5,0,0,0,0,-1,0,0,-1,-1,-1
1,0,-1,-1,-1,1,0,1,11,22,11,13,0,0,0,0,-1,0,0,-1,-1,-1
1,1,-1,-1,-1,1,0,0,0,22,5,6,0,1,0,0,-1,0,0,-1,-1,-1
1,1,-1,-1,-1,0,0,1,229,19,6,7,0,0,0,0,-1,0,0,0,16,6
1,1,-1,1,-1,1,0,1,46,17,6,8,0,0,0,1,-1,0,0,-1,-1,-1
1,1,-1,-1,-1,-1,0,0,16,8,5,6,0,0,0,0,29761,0,0,0,0,0
1,0,-1,0,0,-1,0,0,9,19,4,5,0,0,0,0,18229,0,0,0,0,0
1,1,-1,-1,-1,1,0,0,0,21,3,4,0,0,0,0,-1,0,0,-1,-1,-1
1,0,-1,-1,-1,1,0,0,0,23,5,6,0,2,0,0,-1,0,0,-1,-1,-1
1,0,-1,-1,-1,0,0,1,17,12,10,12,0,0,0,0,-1,0,0,0,0,0
1,1,-1,0,0,-1,0,0,23,15,7,8,0,0,0,0,46606,0,0,0,0,2
1,0,-1,-1,-1,1,0,0,0,25,5,6,0,2,0,0,-1,0,0,-1,-1,-1
1,0,-1,1,0,1,0,0,26,18,8,9,0,1,0,1,-1,0,0,-1,-1,-1
1,0,-1,-1,-1,1,0,0,0,22,3,4,0,0,0,0,-1,0,0,-1,-1,-1
1,0,-1,-1,-1,1,0,0,0,24,3,4,0,0,0,0,-1,0,0,-1,-1,-1
1,1,-1,-1,-1,-1,0,1,22,21,22,24,0,0,0,0,40395,0,0,0,0,0
1,0,-1,-1,-1,-1,0,1,1,21,6,8,0,0,0,0,15169,1,0,0,0,47
1,1,-1,-1,-1,-1,0,1,22,13,12,17,0,0,0,0,46606,1,0,0,0,0
1,1,-1,-1,-1,1,0,0,5,16,4,5,0,0,0,0,-1,0,0,-1,-1,-1
1,0,-1,-1,-1,1,0,0,0,16,3,4,0,0,0,0,-1,0,0,-1,-1,-1
1,1,-1,-1,-1,-1,0,1,51,9,10,11,0,0,0,0,3,0,0,0,0,0
1,0,-1,-1,-1,-1,0,0,19,19,5,6,0,0,0,0,-1,0,0,0,0,0
1,0,-1,1,-1,1,0,1,11,25,9,12,0,0,0,0,-1,0,0,-1,-1,-1
1,1,-1,1,0,-1,0,0,20,14,5,6,0,0,0,0,32392,0,0,0,0,4
1,1,-1,-1,-1,1,0,0,0,11,3,4,0,0,0,0,-1,0,0,-1,-1,-1
1,1,-1,-1,-1,1,0,1,75,29,24,27,0,0,1,0,-1,0,0,-1,-1,-1
1,0,-1,-1,-1,1,0,0,0,32,5,6,0,2,0,0,-1,0,0,-1,-1,-1
1,1,1,-1,-1,-1,0,0,14,33,7,8,0,1,0,0,16276,0,0,0,0,1
1,0,-1,-1,-1,1,0,1,1,12,16,26,0,0,0,0,-1,0,0,-1,-1,-1
1,0,-1,-1,-1,1,0,0,0,29,5,6,0,1,0,0,-1,0,0,-1,-1,-1
1,1,-1,-1,-1,1,0,0,0,21,4,5,0,1,0,0,-1,0,0,-1,-1,-1
1,0,-1,-1,-1,1,0,1,60,27,15,17,0,1,0,1,-1,0,0,-1,-1,-1
1,0,1,-1,-1,1,0,0,0,23,6,7,0,1,0,0,-1,0,0,-1,-1,-1
1,0,1,-1,-1,1,0,0,0,27,5,6,0,1,0,0,-1,0,0,-1,-1,-1
1,1,-1,-1,-1,1,0,0,0,28,4,5,0,0,0,0,-1,0,0,-1,-1,-1
1,1,-1,-1,-1,1,0,0,0,33,6,7,0,2,0,0,-1,0,0,-1,-1,-1
1,1,-1,-1,-1,1,0,0,6,15,4,5,0,0,0,0,-1,0,0,-1,-1,-1
1,1,-1,-1,-1,1,0,0,5,15,4,5,0,0,0,0,-1,0,0,-1,-1,-1
1,1,-1,-1,-1,1,0,0,6,17,5,6,0,1,0,1,-1,0,0,-1,-1,-1
1,1,-1,-1,-1,1,0,0,5,19,4,5,0,0,0,0,-1,0,0,-1,-1,-1
1,0,-1,-1,-1,1,0,1,30,25,9,10,0,1,0,0,-1,0,0,-1,-1,-1
1,1,-1,-1,-1,1,0,0,0,33,7,8,0,0,1,0,-1,0,0,-1,-1,-1
1,0,-1,-1,-1,1,0,0,11,23,7,8,0,0,0,1,-1,0,0,-1,-1,-1
1,0,-1,-1,-1,1,0,0,0,19,4,5,0,0,0,0,-1,0,0,-1,-1,-1
1,0,-1,-1,-1,1,0,0,0,35,5,6,0,0,0,0,-1,0,0,-1,-1,-1
1,0,-1,-1,-1,1,0,0,0,28,5,6,0,0,0,0,-1,0,0,-1,-1,-1
1,0,1,-1,-1,1,0,0,0,29,5,6,0,0,0,0,-1,0,0,-1,-1,-1
1,1,-1,-1,-1,1,0,0,0,28,5,6,0,0,0,0,-1,0,0,-1,-1,-1
1,1,-1,-1,-1,-1,0,0,5,28,5,6,0,0,0,0,26496,0,0,0,2,1
1,0,-1,-1,-1,-1,0,1,53,28,10,11,1,0,0,0,26496,0,0,0,2,1
1,0,-1,-1,-1,1,0,0,0,30,5,6,0,0,0,0,-1,0,0,-1,-1,-1
1,1,-1,-1,-1,1,0,0,0,42,7,8,0,3,0,1,-1,0,0,-1,-1,-1
1,0,-1,-1,-1,-1,0,1,33,13,8,10,0,0,0,0,46606,0,0,0,0,0
1,1,-1,-1,-1,1,0,0,0,26,6,7,0,1,0,0,-1,0,0,-1,-1,-1
1,1,-1,1,0,-1,0,0,8,28,6,7,0,0,0,0,26496,0,0,0,7,18
1,1,1,-1,-1,0,0,0,7,8,5,6,0,0,0,0,-1,0,0,0,0,9
1,0,1,-1,-1,1,0,0,0,27,7,8,0,1,1,0,-1,0,0,-1,-1,-1
1,0,1,-1,-1,1,0,0,0,31,6,7,0,1,0,0,-1,0,0,-1,-1,-1
1,0,-1,-1,-1,1,0,0,0,8,3,4,0,0,0,0,-1,0,0,-1,-1,-1
1,1,0,-1,-1,1,0,1,34,20,7,9,0,0,0,0,-1,0,0,-1,-1,-1
1,0,0,-1,-1,1,0,1,34,20,7,9,0,0,0,0,-1,0,0,-1,-1,-1
1,1,-1,-1,-1,-1,0,0,8,7,4,5,0,0,0,0,4766,0,0,0,0,0
1,1,-1,1,-1,0,0,1,29,38,14,16,1,0,1,1,237,1,0,0,0,0
1,1,0,-1,-1,-1,0,0,6,20,5,6,0,0,0,0,-1,0,0,0,0,0
1,1,0,-1,-1,-1,0,0,13,20,7,8,0,0,0,0,-1,0,0,0,0,0
1,0,0,-1,-1,0,0,1,64,16,20,21,0,0,1,0,35357,0,0,0,0,2
1,0,0,-1,-1,-1,0,0,5,24,8,9,0,3,0,0,-1,0,0,0,0,0
1,0,0,-1,-1,1,0,0,0,45,7,8,0,1,1,0,-1,0,0,-1,-1,-1
1,0,-1,-1,-1,-1,0,1,1,31,13,15,0,2,1,0,-1,0,0,0,0,3
1,1,-1,-1,-1,-1,0,0,11,14,5,7,0,0,0,0,16626,0,0,0,0,2
1,1,-1,-1,-1,1,0,0,0,25,3,4,0,0,0,0,-1,0,0,-1,-1,-1
1,0,-1,1,0,1,0,0,17,24,5,6,0,0,0,0,-1,0,0,-1,-1,-1
1,0,-1,-1,-1,1,0,0,4,17,5,6,0,0,0,0,-1,0,0,-1,-1,-1
1,0,-1,-1,-1,1,0,0,8,17,5,6,0,0,0,0,-1,0,0,-1,-1,-1
1,1,-1,-1,-1,1,0,0,0,18,4,5,0,0,0,0,-1,0,0,-1,-1,-1
1,1,-1,1,-1,1,0,0,7,16,8,10,0,2,0,1,23312,0,0,-1,-1,-1
1,1,1,1,0,0,0,1,68,32,7,8,0,0,0,0,11878,0,0,0,0,1
1,1,-1,-1,-1,1,0,1,0,64,8,9,0,2,1,0,-1,1,0,-1,-1,-1
1,0,-1,1,0,1,0,1,17,46,12,14,0,4,0,1,-1,1,0,-1,-1,-1
1,1,-1,-1,-1,1,0,0,0,19,3,4,0,0,0,0,-1,0,0,-1,-1,-1
1,1,-1,-1,-1,-1,0,1,67,38,17,18,0,2,0,0,-1,0,0,0,0,0
1,0,-1,-1,-1,1,0,0,0,16,4,5,0,1,0,0,-1,0,0,-1,-1,-1
1,0,-1,-1,-1,1,0,0,7,24,5,6,0,0,0,0,-1,0,0,-1,-1,-1
1,0,-1,-1,-1,1,0,0,8,30,7,8,0,0,1,0,-1,0,0,-1,-1,-1
1,0,0,-1,-1,-1,0,1,37,27,7,8,0,0,0,0,44050,0,0,0,0,0
1,0,-1,1,0,1,0,1,26,22,9,10,0,1,0,1,-1,0,0,-1,-1,-1
1,0,-1,0,0,-1,0,1,58,15,15,17,0,0,0,1,46606,0,0,0,0,0
1,0,-1,0,0,-1,0,1,58,15,15,17,0,0,0,1,46606,0,0,0,0,0
1,0,-1,0,0,-1,0,1,58,15,15,17,0,0,0,1,46606,0,0,0,0,0
1,0,-1,0,0,-1,0,1,58,15,15,17,0,0,0,1,46606,0,0,0,0,0
1,0,-1,-1,-1,1,0,0,11,16,4,5,0,0,0,0,-1,0,0,-1,-1,-1
1,0,0,-1,-1,-1,0,0,14,27,6,7,0,0,0,0,702,0,0,0,0,6
1,0,0,-1,-1,-1,0,0,14,26,6,7,0,0,0,0,702,0,0,0,0,6
1,0,-1,-1,-1,1,0,1,19,13,17,21,0,0,1,2,-1,0,0,-1,-1,-1
1,1,-1,-1,-1,1,0,0,5,20,4,5,0,0,0,0,-1,0,0,-1,-1,-1
1,0,-1,-1,-1,-1,0,0,13,21,6,7,0,0,0,0,-1,0,0,0,0,2
1,0,-1,-1,-1,1,0,1,6,24,14,19,0,0,1,1,-1,0,0,-1,-1,-1
1,0,-1,-1,-1,1,0,1,8,17,13,21,0,0,1,1,4766,0,0,-1,-1,-1
1,0,-1,-1,-1,1,0,0,0,21,3,4,0,0,0,0,-1,0,0,-1,-1,-1
1,1,-1,-1,-1,1,0,0,0,29,6,7,0,0,1,0,-1,0,0,-1,-1,-1
1,1,0,-1,-1,1,0,0,0,32,5,6,0,1,0,0,-1,0,0,-1,-1,-1
1,1,-1,-1,-1,-1,0,0,16,15,7,8,0,1,0,0,48031,0,0,0,0,0
1,1,-1,-1,-1,1,0,1,46,22,6,8,0,0,0,1,-1,0,0,-1,-1,-1
1,1,-1,-1,-1,1,0,1,46,22,6,8,0,0,0,1,-1,0,0,-1,-1,-1
1,1,-1,-1,-1,1,0,1,65,22,6,7,0,0,0,1,-1,0,0,-1,-1,-1
1,0,0,-1,-1,1,0,0,9,6,4,5,0,0,0,0,3257,1,0,-1,-1,-1
1,0,-1,-1,-1,1,0,0,0,16,3,4,0,0,0,0,-1,0,0,-1,-1,-1
1,0,-1,-1,-1,1,0,1,36,22,11,12,0,0,1,0,-1,0,0,-1,-1,-1
1,0,-1,-1,-1,-1,0,0,18,16,6,7,0,0,0,0,36351,0,0,0,0,0
1,0,1,-1,-1,1,0,1,178,11,14,20,0,1,0,0,46606,0,0,-1,-1,-1
1,1,-1,-1,-1,-1,0,1,33,24,8,9,0,0,0,1,24940,0,0,0,0,1
1,0,-1,-1,-1,-1,0,0,21,24,6,7,0,0,0,0,24940,0,0,0,0,1
1,0,-1,1,0,1,0,1,49,18,7,8,0,1,0,0,-1,0,0,-1,-1,-1
1,1,-1,-1,-1,1,0,0,22,23,6,8,0,0,0,0,-1,0,0,-1,-1,-1
1,0,-1,-1,-1,1,0,0,0,11,4,5,0,1,0,0,-1,0,0,-1,-1,-1
1,1,-1,-1,-1,1,0,0,0,11,4,5,0,1,0,0,-1,0,0,-1,-1,-1
1,0,-1,-1,-1,1,0,0,10,16,5,6,0,0,0,0,-1,0,0,-1,-1,-1
1,0,-1,-1,-1,1,0,0,0,17,3,4,0,0,0,0,-1,0,0,-1,-1,-1
1,0,1,-1,-1,0,0,0,8,16,4,5,0,0,0,0,59590,0,0,0,10,11
1,1,-1,-1,-1,1,0,0,0,36,4,5,0,0,0,0,-1,0,0,-1,-1,-1
1,0,-1,-1,-1,0,0,1,6,25,6,8,0,0,0,0,35893,0,0,0,0,1
1,1,-1,-1,-1,1,0,0,0,30,4,5,0,0,0,0,-1,0,0,-1,-1,-1
1,0,-1,-1,-1,1,0,0,0,20,3,4,0,0,0,0,-1,0,0,-1,-1,-1
1,1,1,1,0,-1,0,0,11,13,5,6,0,0,0,0,-1,0,0,0,0,0
1,1,-1,-1,-1,1,0,0,0,42,6,7,0,2,0,0,-1,0,0,-1,-1,-1
1,0,1,-1,-1,1,0,1,46,20,9,10,0,0,0,0,-1,0,0,-1,-1,-1
1,0,1,-1,-1,1,0,1,46,20,9,10,0,0,0,0,-1,0,0,-1,-1,-1
1,1,1,-1,-1,1,0,1,51,20,10,12,0,0,1,0,2614,0,0,-1,-1,-1
1,0,-1,-1,-1,-1,0,0,8,12,4,5,0,0,0,0,32392,0,0,0,0,0
1,1,-1,-1,-1,-1,0,0,16,9,5,6,0,0,0,0,29761,0,0,0,0,0
1,1,0,-1,-1,1,0,0,0,17,4,5,0,0,0,0,-1,0,0,-1,-1,-1
1,0,0,-1,-1,1,0,0,0,38,4,5,0,0,0,0,-1,0,0,-1,-1,-1
1,0,1,1,0,1,0,0,8,10,4,5,0,0,0,0,11281,0,0,-1,-1,-1
1,0,1,1,0,1,0,0,4,10,4,5,0,0,0,0,11281,0,0,-1,-1,-1
1,1,-1,-1,-1,1,0,0,0,23,4,5,0,0,0,0,-1,0,0,-1,-1,-1
1,1,-1,-1,-1,0,0,1,1,31,12,20,0,0,1,0,-1,0,0,0,-1,0
1,0,-1,1,0,1,0,1,30,24,6,7,0,0,0,0,-1,0,0,-1,-1,-1
1,1,-1,-1,-1,1,0,1,27,50,11,12,0,4,0,0,-1,0,0,-1,-1,-1
1,0,-1,-1,-1,1,0,0,0,41,7,8,0,3,0,0,-1,0,0,-1,-1,-1
1,1,-1,-1,-1,1,0,1,59,22,10,11,1,0,0,0,46606,0,0,-1,-1,-1
1,1,0,0,-1,-1,0,1,40,25,12,13,1,1,1,0,-1,0,0,0,0,0
1,1,-1,-1,-1,1,0,0,5,19,4,5,0,0,0,0,-1,0,0,-1,-1,-1
1,0,-1,1,0,1,0,0,21,11,6,7,0,0,0,0,46606,0,0,-1,-1,-1
1,1,-1,1,0,-1,0,1,42,24,7,9,0,0,0,0,32392,1,0,0,0,0
1,0,-1,-1,-1,1,0,0,0,15,3,4,0,0,0,0,-1,0,0,-1,-1,-1
1,1,-1,1,0,-1,0,0,29,18,8,9,0,0,0,0,46606,0,0,0,0,0
1,1,-1,-1,-1,1,0,0,5,17,5,6,0,1,0,0,-1,0,0,-1,-1,-1
1,0,1,-1,-1,1,0,1,13,21,8,9,0,0,0,0,54641,0,0,-1,-1,-1
1,1,1,-1,-1,-1,0,1,62,15,12,13,0,0,0,2,5503,0,0,0,12,40
1,0,-1,0,0,1,0,0,10,10,4,5,0,0,0,0,32392,0,0,-1,-1,-1
1,1,-1,-1,-1,1,0,1,0,64,8,9,0,2,1,0,-1,1,0,-1,-1,-1
1,1,-1,-1,-1,1,0,1,0,64,8,9,0,2,1,0,-1,1,0,-1,-1,-1
1,1,0,-1,-1,1,0,0,0,23,4,5,0,0,0,0,-1,0,0,-1,-1,-1
1,1,-1,-1,-1,1,0,0,0,29,5,6,0,0,0,0,-1,0,0,-1,-1,-1
1,1,-1,-1,-1,1,0,0,0,31,5,6,0,0,0,0,-1,0,0,-1,-1,-1
1,1,-1,-1,-1,1,0,0,0,16,4,5,0,0,0,0,-1,0,0,-1,-1,-1
1,0,1,0,0,0,0,1,94,10,18,22,1,0,1,0,23033,0,0,0,0,0
1,1,0,-1,-1,0,0,1,10,16,12,13,0,0,1,0,35000,0,0,0,4,0
1,1,-1,-1,-1,1,0,0,0,12,3,4,0,0,0,0,-1,0,0,-1,-1,-1
1,0,-1,-1,-1,1,0,0,0,24,4,5,0,0,0,0,-1,0,0,-1,-1,-1
1,1,-1,-1,-1,1,0,0,14,30,9,10,0,2,1,0,55081,0,0,-1,-1,-1
1,1,-1,-1,-1,1,0,1,13,31,11,12,0,2,1,0,55081,0,0,-1,-1,-1
1,0,-1,-1,-1,1,0,0,0,22,3,4,0,0,0,0,-1,0,0,-1,-1,-1
1,0,-1,-1,-1,1,0,0,0,17,3,4,0,0,0,0,-1,0,0,-1,-1,-1
1,0,-1,-1,-1,1,0,0,0,17,3,4,0,0,0,0,-1,0,0,-1,-1,-1
1,1,1,-1,-1,1,0,0,11,15,5,6,0,0,0,0,-1,0,0,-1,-1,-1
1,1,-1,-1,-1,1,0,1,0,64,8,9,0,2,1,0,-1,1,0,-1,-1,-1
1,0,-1,0,0,-1,0,0,17,19,6,7,0,0,0,0,-1,0,0,0,0,4
1,1,-1,-1,-1,1,0,1,0,64,8,9,0,2,1,0,-1,1,0,-1,-1,-1
1,1,0,-1,-1,-1,0,1,23,27,8,9,0,0,0,0,44050,0,0,0,0,0
1,1,-1,-1,-1,1,0,0,0,32,5,6,0,1,0,0,-1,0,0,-1,-1,-1
1,0,-1,-1,-1,-1,0,0,3,27,5,6,0,0,0,0,32392,0,0,0,0,0
1,0,-1,1,0,-1,0,1,30,18,8,9,0,0,0,1,20013,0,0,0,0,0
1,1,-1,-1,-1,1,0,0,0,33,6,7,0,2,0,0,-1,0,0,-1,-1,-1
1,1,-1,-1,-1,-1,0,0,16,11,6,7,0,1,0,0,29761,0,0,0,0,0
1,1,-1,-1,-1,-1,0,0,16,8,5,6,0,0,0,0,29761,0,0,0,0,0
1,1,-1,-1,-1,0,0,1,1,29,10,15,0,0,0,0,-1,0,0,0,0,0
1,0,0,-1,-1,1,0,0,0,35,4,5,0,0,0,0,-1,0,0,-1,-1,-1
1,0,-1,1,0,1,0,0,11,15,5,6,0,0,0,0,44050,0,0,-1,-1,-1
1,0,-1,-1,-1,1,0,1,11,15,11,13,0,0,0,0,-1,0,0,-1,-1,-1
1,1,-1,-1,-1,1,0,0,22,19,6,7,0,0,0,0,-1,0,0,-1,-1,-1
1,1,-1,1,0,-1,0,0,8,14,4,5,0,0,0,0,-1,0,0,0,0,2
1,0,-1,-1,-1,0,0,1,31,15,9,11,0,0,0,0,-1,0,0,0,9,1
1,0,-1,-1,-1,0,0,1,13,6,7,8,0,0,0,0,24940,0,0,0,0,1
1,0,1,-1,-1,-1,0,0,4,19,4,5,0,0,0,0,45538,0,0,0,0,0
1,1,1,1,0,-1,0,0,17,18,4,6,0,0,0,0,46606,1,0,0,0,4
1,1,1,-1,-1,1,0,0,0,28,5,6,0,1,0,0,-1,0,0,-1,-1,-1
1,0,1,-1,-1,1,0,0,0,25,4,5,0,0,0,0,-1,0,0,-1,-1,-1
1,1,-1,-1,-1,1,0,0,0,23,4,5,0,0,0,0,-1,0,0,-1,-1,-1
1,0,-1,-1,-1,1,0,1,15,8,57,89,0,0,1,0,29761,0,0,-1,-1,-1
1,0,-1,-1,-1,-1,0,0,25,20,7,8,0,0,0,0,6325,0,0,0,0,0
1,1,-1,-1,-1,-1,0,0,28,19,10,11,0,0,0,1,45638,0,0,0,0,0
1,1,-1,-1,-1,-1,0,1,64,19,22,24,1,0,1,2,45638,0,0,0,0,0
1,1,-1,-1,-1,-1,0,1,64,19,22,24,1,0,1,2,45638,0,0,0,0,0
1,1,-1,-1,-1,-1,0,1,55,19,9,10,0,0,0,1,45638,0,0,0,0,0
1,0,-1,1,0,1,0,0,9,20,4,5,0,0,0,0,-1,0,0,-1,-1,-1
1,0,-1,0,0,1,0,0,21,25,6,8,0,0,0,0,19538,0,0,-1,-1,-1
1,1,-1,-1,-1,0,0,1,33,17,6,8,0,0,0,0,47454,0,0,0,0,0
1,1,-1,-1,-1,1,0,0,0,19,3,4,0,0,0,0,-1,0,0,-1,-1,-1
1,1,-1,-1,-1,1,0,0,0,29,6,7,0,2,0,1,-1,0,0,-1,-1,-1
1,0,-1,-1,-1,1,0,0,0,28,5,6,0,1,0,0,-1,0,0,-1,-1,-1
1,1,-1,1,0,1,0,1,15,33,7,8,0,1,0,0,-1,0,0,-1,-1,-1
1,1,-1,-1,-1,-1,0,1,47,16,11,13,0,0,1,1,36351,0,0,0,0,0
1,1,-1,-1,-1,1,0,0,28,13,6,7,0,0,0,0,-1,0,0,-1,-1,-1
1,1,-1,-1,-1,1,0,1,37,17,5,6,0,0,0,1,31147,0,0,-1,-1,-1
1,1,-1,-1,-1,1,0,0,12,17,4,5,0,0,0,1,31147,0,0,-1,-1,-1
1,0,-1,-1,-1,1,0,0,0,25,4,5,0,0,0,0,-1,0,0,-1,-1,-1
1,0,0,1,0,-1,0,1,50,24,11,19,0,0,0,0,-1,0,0,0,0,0
1,0,0,-1,-1,1,0,0,0,26,4,5,0,0,0,0,-1,0,0,-1,-1,-1
1,0,-1,-1,-1,0,0,1,17,21,16,18,0,0,1,1,-1,0,0,0,2,3
1,0,-1,-1,-1,0,0,1,17,21,14,16,0,0,1,1,-1,0,0,0,2,3
1,1,0,-1,-1,1,0,0,0,23,4,5,0,0,0,0,-1,1,0,-1,-1,-1
1,1,0,1,0,0,0,0,13,22,6,7,0,0,0,0,-1,1,0,0,0,0
1,1,0,-1,-1,1,0,0,0,28,4,5,0,0,0,0,-1,1,0,-1,-1,-1
1,0,-1,-1,-1,1,0,0,1,30,7,9,0,2,0,0,-1,0,0,-1,-1,-1
1,0,-1,-1,-1,1,0,0,0,33,4,5,0,0,0,0,-1,0,0,-1,-1,-1
1,0,-1,-1,-1,0,0,1,13,40,11,12,0,2,1,0,-1,1,0,0,0,0
1,1,1,-1,-1,0,0,1,13,31,9,10,0,1,0,0,-1,0,0,0,1,0
1,1,-1,-1,-1,1,0,0,0,33,3,4,0,0,0,0,-1,0,0,-1,-1,-1
1,0,-1,-1,-1,-1,0,0,4,18,5,8,0,0,0,0,-1,0,0,0,19,1
1,0,-1,-1,-1,-1,0,0,3,18,5,7,0,0,0,0,-1,0,0,0,19,1
1,0,-1,-1,-1,1,0,1,11,13,11,13,0,0,0,0,-1,0,0,-1,-1,-1
1,1,-1,0,0,1,0,1,22,26,7,8,0,0,0,0,-1,0,0,-1,-1,-1
1,0,-1,1,0,1,0,0,7,14,4,5,0,0,0,0,-1,0,0,-1,-1,-1
1,1,-1,-1,-1,0,0,1,1,20,10,16,0,0,0,0,-1,0,0,0,0,0
1,1,0,-1,-1,-1,0,1,12,41,7,8,0,0,1,0,44050,0,0,0,0,0
1,0,-1,-1,-1,-1,0,0,7,27,4,5,0,0,0,0,40034,0,0,0,0,0
1,0,1,-1,-1,1,0,0,0,12,3,4,0,0,0,0,-1,0,0,-1,-1,-1
1,1,-1,-1,-1,-1,0,0,5,16,4,5,0,0,0,0,46606,0,0,0,93,12
1,1,-1,-1,-1,1,0,0,26,18,6,7,0,0,0,0,-1,0,0,-1,-1,-1
1,1,-1,-1,-1,1,0,0,5,16,4,5,0,0,0,0,-1,0,0,-1,-1,-1
1,0,-1,-1,-1,0,0,1,38,14,11,13,0,0,0,0,-1,0,0,0,0,3
1,0,-1,-1,-1,-1,0,0,14,26,6,7,0,0,0,0,27647,0,0,0,1,2
1,1,-1,-1,-1,0,0,1,1,18,11,17,0,0,0,0,-1,0,0,0,0,0
1,0,-1,-1,-1,-1,0,0,8,17,5,7,0,0,0,0,46606,0,0,0,58,5
1,1,-1,-1,-1,1,0,0,11,22,5,6,0,0,0,0,-1,0,0,-1,-1,-1
1,1,-1,-1,-1,1,0,1,0,60,8,9,0,2,1,0,-1,1,0,-1,-1,-1
1,1,-1,-1,-1,-1,0,0,10,29,7,8,0,1,0,0,-1,0,0,0,0,0
1,1,1,-1,-1,-1,0,0,11,14,5,6,0,0,0,0,-1,0,0,0,0,0
1,1,-1,1,0,1,0,0,15,27,6,7,0,0,0,0,-1,0,0,-1,-1,-1
1,0,-1,1,0,1,0,0,15,27,6,7,0,0,0,0,-1,0,0,-1,-1,-1
1,1,-1,-1,-1,1,0,0,0,32,4,5,0,0,0,0,-1,0,0,-1,-1,-1
1,0,-1,-1,-1,1,0,1,23,41,10,12,0,1,0,1,-1,0,0,-1,-1,-1
1,0,-1,-1,-1,1,0,0,0,23,5,6,0,0,0,1,-1,0,0,-1,-1,-1
1,0,0,0,-1,-1,0,1,22,53,26,27,0,4,1,2,-1,0,0,0,0,0
1,1,0,0,-1,-1,0,1,18,47,13,14,0,4,1,1,-1,0,0,0,0,0
1,0,0,0,-1,-1,0,1,27,55,33,34,0,4,1,1,-1,0,0,0,0,0
1,1,-1,1,0,-1,0,0,3,20,4,5,0,0,0,0,46606,0,0,0,0,2
1,0,-1,-1,-1,0,0,1,6,14,6,9,0,0,0,0,-1,0,0,0,0,1
1,1,-1,-1,-1,1,0,0,23,11,5,6,0,0,0,0,-1,0,0,-1,-1,-1
1,0,-1,1,0,1,0,1,40,22,6,7,0,0,0,0,32392,0,0,-1,-1,-1
1,1,-1,-1,-1,1,0,1,0,57,8,9,0,2,1,0,-1,0,0,-1,-1,-1
1,0,-1,-1,-1,1,0,1,13,56,12,13,0,2,1,0,-1,0,0,-1,-1,-1
1,0,-1,-1,-1,1,0,0,0,14,5,6,0,1,0,0,-1,0,0,-1,-1,-1
1,0,-1,-1,-1,-1,0,0,7,13,6,7,0,1,0,0,20013,0,0,0,0,0
1,1,-1,-1,-1,-1,0,1,58,20,8,9,0,0,0,1,46606,0,0,0,0,0
1,1,-1,-1,-1,-1,0,1,72,20,10,11,1,0,0,2,46606,0,0,0,0,0
1,1,-1,-1,-1,-1,0,0,5,21,4,5,0,0,0,0,46606,0,0,0,0,2
1,1,-1,1,0,1,0,0,11,11,4,6,0,0,0,0,-1,1,0,-1,-1,-1
1,0,1,1,0,0,1,1,78,12,12,18,0,0,1,0,-1,0,0,0,0,0
1,0,-1,-1,-1,1,0,0,0,26,4,5,0,1,0,0,-1,0,0,-1,-1,-1
1,1,-1,-1,-1,-1,0,0,9,12,5,6,0,0,0,0,60262,0,0,0,0,0
1,0,-1,-1,-1,1,0,1,26,21,8,9,0,0,0,0,-1,0,0,-1,-1,-1
1,0,-1,-1,-1,-1,0,0,11,18,4,6,0,0,0,0,12417,0,0,0,17,8
1,1,-1,-1,-1,1,0,1,58,12,18,21,0,0,1,1,-1,0,0,-1,-1,-1
1,0,-1,-1,-1,1,0,0,0,21,5,6,0,2,0,0,-1,0,0,-1,-1,-1
1,1,-1,-1,-1,-1,0,0,22,14,7,8,0,0,0,0,32392,0,0,0,0,4
1,1,-1,1,0,-1,0,1,32,18,6,7,0,0,0,0,32392,0,0,0,0,0
1,1,-1,-1,-1,1,0,1,0,60,8,9,0,2,1,0,-1,1,0,-1,-1,-1
1,1,-1,1,0,-1,0,1,40,27,6,7,0,0,0,0,32392,0,0,0,0,0
1,1,-1,-1,-1,1,0,0,0,12,4,5,0,1,0,0,-1,0,0,-1,-1,-1
1,0,-1,-1,-1,1,0,0,0,29,5,6,0,0,0,0,-1,0,0,-1,-1,-1
1,0,-1,1,0,-1,0,1,31,26,13,15,0,0,0,0,46606,0,0,0,0,0
1,0,-1,-1,-1,1,0,0,0,27,4,5,0,1,0,0,-1,0,0,-1,-1,-1
1,0,-1,-1,-1,-1,0,0,13,24,5,6,0,0,0,0,6428,0,0,0,23,2
1,0,-1,-1,-1,-1,0,1,54,24,14,16,0,0,0,1,6428,0,0,0,23,2
1,1,1,-1,-1,-1,0,1,13,34,9,10,0,1,0,0,54641,0,0,0,0,0
1,0,-1,-1,-1,-1,0,1,47,13,11,12,1,0,0,0,-1,0,0,0,0,0
1,1,0,-1,-1,-1,0,1,30,27,7,8,0,0,0,0,-1,0,0,0,0,0
1,0,-1,1,0,-1,0,0,10,14,4,5,0,0,0,0,-1,0,0,0,4,18
1,1,-1,-1,-1,1,0,0,5,18,5,6,0,1,0,1,-1,0,0,-1,-1,-1
1,1,0,-1,-1,-1,0,1,133,35,11,12,1,0,0,0,8151,0,0,0,0,0
1,1,1,-1,-1,-1,0,0,14,14,6,7,0,0,0,0,263168,0,0,0,55,18
1,0,0,-1,-1,0,0,0,26,13,9,10,0,0,1,0,-1,0,0,0,3,0
1,0,-1,-1,-1,1,0,1,48,25,10,11,1,0,0,0,-1,0,0,-1,-1,-1
1,0,-1,-1,-1,1,0,1,11,22,11,13,0,0,0,0,-1,0,0,-1,-1,-1
1,0,-1,-1,-1,1,0,0,0,20,3,4,0,0,0,0,-1,1,0,-1,-1,-1
1,0,-1,-1,-1,1,0,0,0,30,4,5,0,0,0,0,-1,0,0,-1,-1,-1
1,0,-1,-1,-1,-1,0,1,32,26,10,12,0,0,0,0,-1,0,0,0,21,9
1,1,1,-1,-1,1,0,1,13,26,9,10,0,1,0,0,-1,0,0,-1,-1,-1
1,1,-1,-1,-1,1,0,0,0,22,5,6,0,1,0,0,-1,0,0,-1,-1,-1
1,0,-1,-1,-1,1,0,0,6,19,4,5,0,0,0,0,-1,0,0,-1,-1,-1
1,1,-1,-1,-1,0,0,1,229,19,6,7,0,0,0,0,-1,0,0,0,16,6
1,1,-1,-1,-1,1,0,1,46,17,6,8,0,0,0,1,-1,0,0,-1,-1,-1
1,1,-1,-1,-1,-1,0,0,16,8,5,6,0,0,0,0,29761,0,0,0,0,0
1,0,-1,0,0,-1,0,0,9,19,4,5,0,0,0,0,18229,0,0,0,0,0
1,0,0,0,-1,-1,0,1,11,50,14,15,0,2,1,0,-1,0,0,0,0,0
1,1,-1,-1,-1,1,0,1,54,23,14,16,0,0,0,1,-1,0,0,-1,-1,-1
1,1,-1,-1,-1,1,0,0,0,24,3,4,0,0,0,0,-1,0,0,-1,-1,-1
1,0,-1,-1,-1,1,0,0,0,21,3,4,0,0,0,0,-1,0,0,-1,-1,-1
1,0,-1,-1,-1,0,0,0,14,19,5,6,0,0,0,0,16276,0,0,0,0,1
1,0,-1,-1,-1,1,0,0,0,18,4,5,0,0,0,0,-1,0,0,-1,-1,-1
1,1,-1,-1,-1,1,0,0,0,31,6,7,0,0,1,0,-1,0,0,-1,-1,-1
1,0,0,-1,-1,0,0,0,7,5,5,7,0,0,0,0,7132,0,0,0,0,0
1,0,1,-1,-1,1,0,1,13,21,8,9,0,0,0,0,54641,0,0,-1,-1,-1
1,0,-1,-1,-1,1,0,0,0,23,5,6,0,2,0,0,-1,0,0,-1,-1,-1
1,1,-1,-1,-1,1,0,0,0,39,7,8,0,3,0,0,-1,0,0,-1,-1,-1
1,1,-1,-1,-1,-1,0,0,9,20,4,5,0,0,0,0,-1,0,0,0,0,0
1,1,-1,-1,-1,-1,0,0,10,15,4,5,0,0,0,0,-1,0,0,0,0,0
1,1,-1,0,0,-1,0,0,23,15,7,8,0,0,0,0,46606,0,0,0,0,2
1,0,-1,-1,-1,1,0,0,0,25,5,6,0,2,0,0,-1,0,0,-1,-1,-1
1,0,0,-1,-1,1,0,0,0,29,4,5,0,0,0,0,-1,0,0,-1,-1,-1
1,1,-1,0,0,-1,0,0,20,13,5,6,0,0,0,0,26496,0,0,0,0,0
1,0,0,-1,-1,0,0,0,7,4,4,5,0,0,0,0,-1,0,0,0,10,1
1,1,-1,-1,-1,0,0,1,1,31,11,19,0,0,0,0,-1,0,0,0,0,0
1,1,-1,-1,-1,1,0,0,5,20,4,5,0,0,0,0,-1,0,0,-1,-1,-1
1,0,-1,1,0,1,0,0,26,18,8,9,0,1,0,1,-1,0,0,-1,-1,-1
1,0,0,-1,-1,1,0,0,0,28,4,5,0,0,0,0,-1,0,0,-1,-1,-1
1,0,0,-1,-1,1,0,0,0,44,7,8,0,0,1,0,-1,0,0,-1,-1,-1
1,1,-1,-1,-1,1,0,0,5,17,4,5,0,0,0,0,-1,0,0,-1,-1,-1
1,0,-1,-1,-1,1,0,0,0,13,3,4,0,0,0,0,-1,0,0,-1,-1,-1
1,0,-1,-1,-1,1,0,0,0,21,3,4,0,0,0,0,-1,0,0,-1,-1,-1
1,0,0,-1,-1,1,0,0,0,38,4,5,0,0,0,0,-1,0,0,-1,-1,-1
1,0,-1,-1,-1,1,0,0,11,11,5,6,0,0,0,0,46606,0,0,-1,-1,-1
1,1,0,-1,-1,-1,0,1,24,21,10,14,0,0,0,0,15967,0,0,0,0,0
1,1,-1,-1,-1,-1,0,1,22,21,22,24,0,0,0,0,40395,0,0,0,0,0
1,0,1,-1,-1,-1,0,0,12,16,5,6,0,0,0,0,36351,0,0,0,89,8
1,0,-1,-1,-1,-1,0,1,1,21,6,8,0,0,0,0,15169,1,0,0,0,47
1,0,-1,-1,-1,-1,0,1,1,21,6,8,0,0,0,0,15169,1,0,0,0,47
1,1,-1,-1,-1,-1,0,1,22,13,12,17,0,0,0,0,46606,1,0,0,0,0
1,1,-1,-1,-1,-1,0,0,5,13,5,6,0,0,0,0,46606,1,0,0,0,0
1,0,-1,-1,-1,1,0,0,0,13,3,4,0,0,0,0,-1,0,0,-1,-1,-1
1,0,-1,-1,-1,1,0,0,0,22,5,6,0,1,0,0,-1,0,0,-1,-1,-1
1,1,-1,-1,-1,1,0,0,5,16,4,5,0,0,0,0,-1,0,0,-1,-1,-1
1,0,-1,1,0,0,0,0,7,13,4,5,0,0,0,0,-1,0,0,0,0,1
1,0,-1,-1,-1,1,0,0,0,16,3,4,0,0,0,0,-1,0,0,-1,-1,-1
1,1,-1,0,0,-1,0,0,16,14,5,6,0,0,0,0,32392,0,0,0,0,0
1,0,-1,1,0,-1,0,1,15,18,7,10,0,0,0,0,-1,0,1,0,0,4
1,1,-1,-1,-1,-1,0,1,51,9,10,11,0,0,0,0,3,0,0,0,0,0
1,1,-1,-1,-1,1,0,0,0,27,3,4,0,0,0,0,-1,0,0,-1,-1,-1
1,0,-1,-1,-1,-1,0,0,20,19,5,6,0,0,0,0,-1,0,0,0,0,0
1,1,-1,1,0,-1,0,1,26,27,6,7,0,0,0,0,25132,0,0,0,0,0
1,0,-1,1,-1,1,0,1,11,25,9,12,0,0,0,0,-1,0,0,-1,-1,-1
1,0,-1,-1,-1,1,0,1,38,23,9,10,0,0,0,0,40034,0,0,-1,-1,-1
1,0,1,-1,-1,-1,0,1,53,16,11,12,0,0,0,0,46606,0,0,0,23,32
1,1,0,-1,-1,1,0,0,0,29,4,5,0,0,0,0,-1,1,0,-1,-1,-1
1,0,-1,-1,-1,-1,0,0,6,15,4,5,0,0,0,0,20013,0,0,0,0,0
1,1,0,-1,-1,-1,0,1,30,19,9,10,0,0,0,0,-1,0,0,0,0,0
1,0,0,-1,-1,-1,0,1,37,19,9,10,0,0,0,0,-1,0,0,0,0,0
1,0,-1,-1,-1,-1,0,0,6,9,5,7,0,0,0,0,4134,0,0,0,0,0
1,0,-1,-1,-1,-1,0,0,6,9,5,7,0,0,0,0,4134,0,0,0,0,0
1,1,-1,1,0,-1,0,0,20,14,5,6,0,0,0,0,32392,0,0,0,0,4
1,0,-1,-1,-1,-1,0,0,7,14,5,7,0,0,0,0,47583,0,0,0,64,40
1,1,-1,1,0,1,0,0,11,14,4,6,0,0,0,0,46606,1,0,-1,-1,-1
1,1,-1,-1,-1,1,0,0,0,34,5,6,0,1,0,0,-1,0,0,-1,-1,-1
1,1,-1,-1,-1,1,0,0,0,11,3,4,0,0,0,0,-1,0,0,-1,-1,-1
1,1,1,-1,-1,-1,0,0,7,29,7,8,0,0,1,0,60262,0,0,0,0,0
1,1,1,-1,-1,1,0,1,75,29,24,27,0,0,1,0,-1,0,0,-1,-1,-1
1,0,-1,-1,-1,1,0,0,0,31,5,6,0,2,0,0,-1,0,0,-1,-1,-1
1,1,0,-1,-1,0,0,1,96,37,20,25,1,1,0,0,702,0,0,0,0,25
1,1,0,-1,-1,-1,0,1,29,65,12,16,0,3,1,0,-1,0,0,0,0,0
1,1,1,-1,-1,-1,0,1,15,33,7,8,0,1,0,0,16276,0,0,0,0,1
1,0,-1,-1,-1,-1,0,1,59,20,8,9,0,0,0,1,18747,0,0,0,23,11
1,0,-1,-1,-1,1,0,1,1,12,16,26,0,0,0,0,-1,0,0,-1,-1,-1
1,1,-1,-1,-1,1,0,1,0,60,8,9,0,2,1,0,-1,1,0,-1,-1,-1
1,0,-1,-1,-1,1,0,1,0,60,8,9,0,2,1,0,-1,1,0,-1,-1,-1
1,1,-1,-1,-1,1,0,1,13,64,9,10,0,0,1,0,-1,0,0,-1,-1,-1
1,0,-1,1,0,1,0,0,8,19,5,6,0,0,0,1,4766,0,0,-1,-1,-1
1,0,-1,1,0,1,0,0,8,19,5,6,0,0,0,1,4739,0,0,-1,-1,-1
1,0,-1,-1,-1,1,0,0,0,9,3,4,0,0,0,0,-1,0,0,-1,-1,-1
1,0,-1,-1,-1,1,0,0,0,29,5,6,0,1,0,0,-1,0,0,-1,-1,-1
1,1,-1,-1,-1,1,0,0,0,21,4,5,0,1,0,0,-1,0,0,-1,-1,-1
1,0,-1,-1,-1,1,0,1,60,27,17,19,0,1,0,1,-1,0,0,-1,-1,-1
1,0,1,-1,-1,1,0,0,0,23,6,7,0,1,0,0,-1,0,0,-1,-1,-1
1,1,-1,-1,-1,1,0,0,5,19,4,5,0,0,0,0,-1,0,0,-1,-1,-1
1,0,-1,-1,-1,1,0,0,8,21,5,6,0,0,0,0,4739,0,0,-1,-1,-1
1,1,-1,-1,-1,1,0,0,0,12,4,5,0,1,0,0,-1,0,0,-1,-1,-1
1,0,-1,-1,-1,1,0,0,0,32,7,8,0,0,1,0,-1,0,0,-1,-1,-1
1,1,0,-1,-1,0,0,0,14,10,6,7,0,0,0,0,-1,1,0,0,0,9
1,1,-1,1,0,-1,0,1,32,17,7,8,0,0,0,0,32392,0,0,0,0,0
1,0,-1,-1,-1,0,0,1,10,21,8,10,0,0,0,1,15003,0,0,0,13,24
1,0,-1,-1,-1,1,0,0,0,19,4,5,0,0,0,0,-1,0,0,-1,-1,-1
1,0,-1,-1,-1,1,0,0,0,35,5,6,0,0,0,0,-1,0,0,-1,-1,-1
1,0,-1,-1,-1,1,0,0,0,19,6,7,0,1,0,0,-1,0,0,-1,-1,-1
1,1,-1,-1,-1,-1,0,0,20,20,8,9,0,0,0,0,8560,0,0,0,0,0
1,0,-1,-1,-1,1,0,0,0,28,5,6,0,0,0,0,-1,0,0,-1,-1,-1
1,1,-1,1,0,-1,0,0,6,18,6,7,0,0,0,0,32392,0,0,0,0,4
1,0,1,-1,-1,-1,0,1,14,35,6,7,0,0,0,0,30186,0,0,0,4,57
1,0,1,-1,-1,1,0,0,0,29,5,6,0,0,0,0,-1,0,0,-1,-1,-1
1,1,-1,-1,-1,1,0,0,0,28,5,6,0,0,0,0,-1,0,0,-1,-1,-1
1,1,-1,-1,-1,-1,0,1,65,23,12,13,1,0,1,1,45638,0,0,0,0,0
1,1,-1,1,0,-1,0,1,32,24,7,8,0,0,0,0,32392,0,0,0,0,0
1,0,-1,-1,-1,0,0,1,7,21,7,10,0,0,0,0,24940,0,0,0,0,1
1,0,-1,-1,-1,-1,0,1,53,28,10,11,1,0,0,0,26496,0,0,0,2,1
1,1,-1,-1,-1,-1,0,0,5,28,5,6,0,0,0,0,26496,0,0,0,2,1
1,1,-1,-1,-1,1,0,1,23,27,7,9,0,0,1,0,-1,0,0,-1,-1,-1
1,0,-1,-1,-1,1,0,0,0,30,5,6,0,0,0,0,-1,0,0,-1,-1,-1
1,1,-1,-1,-1,1,0,0,0,42,7,8,0,3,0,1,-1,0,0,-1,-1,-1
1,1,-1,-1,-1,1,0,0,0,18,6,7,0,1,0,0,-1,0,0,-1,-1,-1
1,1,-1,-1,-1,-1,0,0,7,17,7,8,0,1,0,0,20013,0,0,0,0,0
1,1,-1,-1,-1,1,0,0,0,28,4,5,0,0,0,0,-1,0,0,-1,-1,-1
1,0,-1,1,-1,1,0,0,2,21,4,6,0,0,0,0,-1,0,0,-1,-1,-1
1,1,-1,-1,-1,1,0,1,39,17,8,9,0,1,0,0,-1,0,0,-1,-1,-1
1,0,-1,-1,-1,-1,0,1,33,13,8,10,0,0,0,0,46606,0,0,0,0,0
1,0,-1,-1,-1,1,0,0,0,30,6,7,0,2,0,0,-1,0,0,-1,-1,-1
1,1,-1,-1,-1,1,0,0,0,26,6,7,0,1,0,0,-1,0,0,-1,-1,-1
1,1,-1,-1,-1,1,0,1,31,27,9,10,0,0,1,1,46606,0,0,-1,-1,-1
1,0,-1,-1,-1,1,0,0,0,31,7,8,0,0,1,0,-1,0,0,-1,-1,-1
1,0,1,-1,-1,-1,0,0,24,22,8,9,0,0,0,0,14259,0,0,0,46,36
1,1,-1,1,0,-1,0,0,8,28,6,7,0,0,0,0,26496,0,0,0,7,18
1,1,1,-1,-1,-1,0,0,6,16,6,7,0,0,0,0,-1,0,0,0,0,0
1,1,0,1,0,0,0,0,1,33,7,9,0,0,0,0,-1,1,0,0,0,0
1,1,1,-1,-1,0,0,0,7,8,5,6,0,0,0,0,-1,0,0,0,0,9
1,0,1,-1,-1,0,0,0,28,13,10,11,0,0,1,0,42278,0,0,0,0,1
1,0,1,-1,-1,-1,0,0,12,13,6,7,0,0,0,0,42278,0,0,0,0,3
1,0,1,-1,-1,1,0,0,0,27,7,8,0,1,1,0,-1,0,0,-1,-1,-1
1,0,1,-1,-1,1,0,0,0,31,6,7,0,1,0,0,-1,0,0,-1,-1,-1
1,0,-1,-1,-1,1,0,0,8,23,5,6,0,0,0,0,4766,0,0,-1,-1,-1
1,0,-1,-1,-1,1,0,0,8,23,5,6,0,0,0,1,4766,0,0,-1,-1,-1
1,0,0,-1,-1,1,0,0,0,29,4,5,0,0,0,0,-1,0,0,-1,-1,-1
1,0,-1,-1,-1,1,0,1,6,14,6,8,0,0,0,0,-1,0,0,-1,-1,-1
1,0,-1,-1,-1,1,0,0,0,8,3,4,0,0,0,0,-1,0,0,-1,-1,-1
1,0,-1,-1,-1,1,0,0,0,19,3,4,0,0,0,0,-1,0,0,-1,-1,-1
1,0,-1,1,0,1,0,0,4,12,8,13,0,1,1,0,-1,0,0,-1,-1,-1
1,0,-1,-1,-1,1,0,1,39,10,8,12,0,0,1,0,-1,0,0,-1,-1,-1
1,0,-1,-1,-1,1,0,1,39,15,8,12,0,0,1,0,-1,0,0,-1,-1,-1
1,0,-1,-1,-1,1,0,1,48,18,8,13,0,1,1,1,-1,0,0,-1,-1,-1
1,0,-1,-1,-1,1,0,1,23,22,8,12,0,0,1,0,-1,0,0,-1,-1,-1
1,0,-1,-1,-1,-1,0,0,23,20,6,10,0,0,1,0,16626,0,0,0,0,0
1,1,0,-1,-1,0,0,1,27,29,8,14,0,0,1,0,-1,0,0,0,0,1
1,1,-1,-1,-1,0,0,0,2,11,3,5,0,0,0,0,-1,0,0,0,0,1
1,1,-1,-1,-1,1,0,0,2,18,4,6,0,1,0,0,-1,0,0,-1,-1,-1
1,0,-1,1,0,1,0,0,2,15,3,5,0,0,0,0,-1,0,0,-1,-1,-1
1,0,-1,-1,-1,-1,0,0,9,13,6,8,0,0,0,0,1267,0,0,0,0,0
1,0,-1,-1,-1,1,0,0,22,21,8,12,0,0,1,0,-1,0,0,-1,-1,-1
1,0,-1,-1,-1,-1,0,0,10,24,7,8,0,0,1,1,237,0,0,0,0,1
1,1,0,-1,-1,0,0,0,9,6,4,5,0,0,0,0,3257,1,0,0,1,3
1,1,-1,-1,-1,1,0,0,5,40,4,9,0,0,1,0,-1,0,0,-1,-1,-1
1,0,-1,-1,-1,0,0,1,53,13,12,16,0,1,1,0,237,0,0,0,0,0
1,1,-1,-1,-1,1,0,0,2,31,4,6,0,0,0,0,-1,0,0,-1,-1,-1
1,1,-1,1,0,1,0,0,2,19,5,7,0,1,0,0,-1,0,0,-1,-1,-1
1,1,-1,-1,-1,1,0,0,2,17,3,5,0,0,0,0,-1,0,0,-1,-1,-1
1,0,0,0,-1,-1,0,1,34,16,7,11,0,0,1,0,15169,0,0,0,0,2
1,0,-1,1,-1,1,0,1,35,31,11,16,0,2,1,0,-1,0,0,-1,-1,-1
1,0,-1,-1,-1,1,0,1,20,46,8,12,0,2,1,0,-1,0,0,-1,-1,-1
1,0,-1,-1,-1,1,0,1,38,28,7,17,0,1,1,0,-1,0,0,-1,-1,-1
1,0,-1,-1,-1,1,0,1,20,46,8,12,0,2,1,0,-1,0,0,-1,-1,-1
1,1,-1,-1,-1,1,0,0,2,19,4,6,0,0,0,0,131222,0,0,-1,-1,-1
1,0,-1,-1,-1,1,0,0,2,16,3,5,0,0,0,0,-1,0,0,-1,-1,-1
1,0,-1,-1,-1,1,0,0,0,26,5,6,0,1,0,0,-1,0,0,-1,-1,-1
1,0,-1,-1,-1,1,0,0,2,10,3,5,0,0,0,0,3356,0,0,-1,-1,-1
1,1,-1,-1,-1,1,0,0,2,20,5,7,0,1,0,0,-1,0,0,-1,-1,-1
1,0,-1,-1,-1,1,0,0,10,12,5,6,0,0,0,0,-1,0,0,-1,-1,-1
1,0,-1,-1,-1,1,0,0,2,12,3,5,0,0,0,0,-1,0,0,-1,-1,-1
1,0,-1,-1,-1,1,0,1,23,19,9,13,0,0,1,0,-1,0,0,-1,-1,-1
1,0,-1,-1,-1,-1,0,0,2,23,6,8,0,0,1,0,237,0,0,0,0,0
1,0,-1,-1,-1,1,0,0,0,14,3,4,0,0,0,0,-1,0,0,-1,-1,-1
1,1,1,-1,-1,-1,0,1,8,19,10,14,0,0,1,0,36874,0,0,0,0,0
1,0,-1,-1,-1,-1,0,1,47,19,9,13,1,0,1,0,-1,0,0,0,8,7
1,1,-1,-1,-1,0,0,1,49,13,12,16,0,0,1,0,-1,0,0,0,0,3
1,0,-1,-1,-1,1,0,0,1,19,9,11,0,4,0,1,-1,0,0,-1,-1,-1
1,1,-1,-1,-1,1,0,0,6,16,7,9,0,1,0,0,6724,0,0,-1,-1,-1
1,0,-1,-1,-1,0,0,0,23,13,7,9,0,0,0,0,16626,1,0,0,0,1
1,0,-1,-1,-1,1,0,0,0,24,3,4,0,0,0,0,-1,0,0,-1,-1,-1
1,0,-1,-1,-1,1,0,0,0,31,3,4,0,0,0,0,-1,0,0,-1,-1,-1
1,0,-1,-1,-1,1,0,0,0,29,3,4,0,0,0,0,-1,0,0,-1,-1,-1
1,0,-1,-1,-1,1,0,0,0,31,3,4,0,0,0,0,-1,0,0,-1,-1,-1
1,0,-1,-1,-1,1,0,0,0,26,3,4,0,0,0,0,-1,0,0,-1,-1,-1
1,0,-1,-1,-1,1,0,0,0,25,3,4,0,0,0,0,-1,0,0,-1,-1,-1
1,0,-1,-1,-1,1,0,0,0,27,3,4,0,0,0,0,-1,0,0,-1,-1,-1
1,0,-1,-1,-1,1,0,0,0,25,3,4,0,0,0,0,-1,0,0,-1,-1,-1
1,0,-1,-1,-1,1,0,0,0,22,3,4,0,0,0,0,-1,0,0,-1,-1,-1
1,0,-1,-1,-1,1,0,0,0,24,3,4,0,0,0,0,-1,0,0,-1,-1,-1
1,0,-1,-1,-1,1,0,0,0,32,3,4,0,0,0,0,-1,0,0,-1,-1,-1
1,0,-1,-1,-1,-1,0,0,2,19,5,7,0,0,0,0,36351,0,0,0,0,0
1,0,-1,-1,-1,1,0,0,2,7,3,5,0,0,0,0,-1,0,0,-1,-1,-1
1,1,1,-1,-1,-1,0,1,8,19,10,15,0,0,1,0,36874,0,0,0,0,0
1,0,-1,-1,-1,1,0,1,23,18,8,12,0,0,1,1,-1,0,0,-1,-1,-1
1,0,-1,-1,-1,-1,0,1,47,19,9,13,1,0,1,0,-1,0,0,0,8,7
1,0,-1,-1,-1,1,0,1,48,18,7,12,0,0,1,2,-1,0,0,-1,-1,-1
1,0,-1,-1,-1,1,0,0,0,19,3,4,0,0,0,1,-1,0,0,-1,-1,-1
1,0,0,-1,-1,-1,0,0,2,30,5,7,0,1,0,0,20940,0,0,0,0,0
1,0,-1,-1,-1,1,0,1,9,20,9,13,0,0,1,0,-1,0,0,-1,-1,-1
1,0,-1,-1,-1,-1,0,0,8,18,7,9,0,1,0,0,35893,1,0,0,19,6
1,0,1,-1,-1,0,0,0,2,7,11,14,0,0,0,0,-1,0,0,0,0,0
1,0,-1,-1,-1,0,0,1,6,25,10,16,0,0,1,0,-1,0,0,0,6,130
1,0,-1,-1,-1,1,0,0,0,27,3,4,0,0,0,0,-1,0,0,-1,-1,-1
1,1,-1,-1,-1,1,0,0,0,27,3,4,0,0,0,0,-1,0,0,-1,-1,-1
1,1,-1,-1,-1,-1,0,0,2,26,3,5,0,0,0,0,30186,0,0,0,0,2
1,0,-1,-1,-1,-1,0,0,14,14,4,5,0,0,0,0,-1,0,0,0,0,1
1,1,-1,-1,-1,1,0,0,0,12,3,4,0,0,0,0,-1,0,0,-1,-1,-1
1,0,-1,-1,-1,1,0,0,0,20,3,4,0,0,0,0,-1,0,0,-1,-1,-1
1,0,-1,1,0,1,0,1,5,19,7,11,0,0,1,0,-1,0,0,-1,-1,-1
1,0,-1,-1,-1,1,0,1,10,20,8,13,0,0,1,1,15003,0,0,-1,-1,-1
1,0,-1,-1,-1,1,0,0,0,19,4,5,0,0,0,0,-1,0,0,-1,-1,-1
1,0,-1,1,0,1,0,1,10,17,8,14,0,0,1,0,-1,0,0,-1,-1,-1
1,0,-1,-1,-1,1,0,0,2,9,3,5,0,0,0,0,-1,0,0,-1,-1,-1
1,0,-1,1,0,0,0,1,4,14,13,20,0,0,1,0,15169,0,0,0,0,2
1,1,-1,-1,-1,1,0,0,0,18,3,4,0,0,0,0,-1,0,0,-1,-1,-1
1,0,-1,-1,-1,-1,0,1,9,29,10,15,0,2,1,0,-1,0,0,0,0,0
1,0,-1,-1,-1,1,0,0,2,22,4,6,0,0,0,1,-1,0,0,-1,-1,-1
1,0,0,-1,-1,0,0,0,13,24,6,7,0,0,0,0,-1,0,0,0,18,75
1,0,1,-1,-1,0,0,1,53,12,11,17,1,1,1,0,27229,0,0,0,0,0
1,0,-1,1,0,-1,0,1,6,25,7,12,0,0,1,0,237,0,0,0,0,0
1,0,-1,-1,-1,-1,0,0,16,14,4,5,0,0,0,0,-1,0,0,0,0,1
1,0,1,-1,-1,0,0,0,8,7,5,6,0,0,0,0,-1,1,0,0,0,109
1,0,-1,-1,-1,1,0,0,2,24,3,5,0,0,0,0,-1,0,0,-1,-1,-1
1,0,-1,1,-1,1,0,1,28,39,8,12,0,2,1,0,-1,0,0,-1,-1,-1
1,1,-1,-1,-1,0,0,1,41,22,7,11,0,0,1,0,-1,0,0,0,0,27
1,1,-1,-1,-1,1,0,0,0,13,3,4,0,0,0,0,-1,1,0,-1,-1,-1
1,0,-1,-1,-1,1,0,0,2,18,3,5,0,0,0,0,-1,0,0,-1,-1,-1
1,0,-1,1,0,-1,0,0,2,24,4,6,0,0,0,0,26347,0,0,0,0,0
1,0,-1,1,0,1,0,0,1,13,9,14,0,1,1,0,-1,0,0,-1,-1,-1
1,1,1,-1,-1,-1,0,1,8,18,10,16,0,0,1,0,-1,0,0,0,0,0
1,0,-1,-1,0,1,0,1,1,13,9,14,0,1,1,0,-1,0,0,-1,-1,-1
1,0,0,1,0,0,0,1,1,38,11,17,0,0,1,0,-1,0,0,0,2,1
1,1,-1,-1,-1,1,0,0,0,20,3,4,0,0,0,0,-1,0,0,-1,-1,-1
1,0,-1,-1,-1,0,0,1,10,17,8,14,0,0,1,0,15003,0,0,0,17,19
1,1,-1,-1,-1,0,0,1,1,14,4,10,0,0,1,1,42293,0,0,0,0,0
1,1,-1,-1,-1,1,0,0,2,8,3,5,0,0,0,0,-1,0,0,-1,-1,-1
1,0,-1,1,0,1,0,1,1,13,9,14,0,1,1,0,-1,0,0,-1,-1,-1
1,0,0,-1,-1,1,0,0,11,4,6,7,0,0,0,0,-1,1,0,-1,-1,-1
1,0,-1,-1,-1,1,0,0,22,20,5,10,0,0,1,1,-1,0,0,-1,-1,-1
1,0,-1,1,0,1,0,1,1,13,9,14,0,1,1,0,-1,0,0,-1,-1,-1
1,0,-1,-1,-1,1,0,0,22,20,5,10,0,0,1,1,-1,0,0,-1,-1,-1
1,0,0,-1,-1,-1,0,1,54,12,6,10,0,0,1,0,-1,0,0,0,0,11
1,0,-1,-1,-1,0,0,0,2,31,7,9,0,0,1,0,58127,0,0,0,1,0
1,0,-1,-1,-1,1,0,1,6,16,6,11,0,0,1,0,-1,0,0,-1,-1,-1
1,0,0,-1,-1,-1,0,1,24,43,9,13,0,1,1,0,-1,0,0,0,0,0
1,0,-1,-1,-1,1,0,1,25,31,8,14,0,0,1,0,-1,0,0,-1,-1,-1
1,0,-1,-1,-1,1,0,1,9,20,9,13,0,0,1,0,-1,0,0,-1,-1,-1
1,0,-1,-1,-1,1,0,0,2,27,5,7,0,0,0,0,-1,0,0,-1,-1,-1
1,1,-1,-1,-1,1,0,0,2,30,4,6,0,0,0,0,-1,0,0,-1,-1,-1
1,1,-1,-1,-1,1,0,0,3,25,4,5,0,0,0,0,-1,0,0,-1,-1,-1
1,0,-1,1,-1,1,0,1,44,22,7,15,0,1,1,0,-1,0,0,-1,-1,-1
1,0,1,-1,-1,1,0,0,12,23,8,10,0,3,0,0,-1,1,0,-1,-1,-1
1,1,-1,-1,-1,0,0,1,31,23,8,12,0,0,1,0,46606,0,0,0,6,134
1,0,-1,-1,-1,1,0,0,6,30,6,8,0,1,0,2,-1,0,0,-1,-1,-1
1,0,0,0,-1,-1,0,1,11,38,13,17,0,2,1,0,-1,0,0,0,0,0
1,0,-1,-1,-1,1,0,1,20,28,6,10,0,1,1,0,-1,0,0,-1,-1,-1
1,1,-1,-1,-1,0,0,1,23,39,8,12,0,2,1,0,30186,0,0,0,0,0
1,0,-1,0,0,1,0,1,55,11,11,14,1,0,1,0,-1,0,0,-1,-1,-1
1,0,-1,-1,-1,1,0,1,14,52,7,11,0,0,1,0,-1,0,0,-1,-1,-1
1,0,-1,-1,-1,-1,0,0,11,20,7,8,0,0,1,0,-1,1,0,0,0,0
1,0,-1,-1,-1,-1,0,1,36,30,13,17,0,2,1,0,-1,0,0,0,1,2
1,0,-1,-1,-1,1,0,0,2,19,5,7,0,1,0,0,4739,0,0,-1,-1,-1
1,0,-1,-1,-1,-1,0,0,13,14,4,5,0,0,0,0,-1,0,0,0,0,1
1,0,-1,-1,-1,1,0,0,0,44,3,7,0,0,1,0,-1,0,0,-1,-1,-1
1,0,-1,-1,-1,1,0,1,26,27,8,12,0,0,1,0,-1,1,0,-1,-1,-1
1,1,-1,1,0,1,0,0,2,16,4,6,0,0,0,0,-1,0,0,-1,-1,-1
1,1,-1,1,-1,1,0,0,2,16,4,6,0,0,0,0,-1,0,0,-1,-1,-1
1,1,-1,-1,-1,1,0,0,2,31,3,5,0,0,0,0,-1,0,0,-1,-1,-1
1,0,0,-1,-1,0,0,0,23,9,6,11,0,0,1,0,-1,0,0,0,0,0
1,0,-1,-1,-1,0,0,0,17,17,8,13,0,0,1,1,-1,0,0,0,0,0
1,1,-1,-1,-1,0,0,0,1,21,8,13,0,0,1,0,3356,0,0,0,0,0
1,0,0,1,-1,0,0,0,1,38,7,12,0,0,1,0,-1,0,0,0,2,1
1,0,0,-1,-1,0,0,0,17,19,7,9,0,0,0,0,-1,0,0,0,3,1
1,1,-1,-1,-1,1,0,0,0,12,4,5,0,0,0,0,-1,0,0,-1,-1,-1
1,0,1,1,-1,0,0,0,2,10,4,6,0,1,0,0,-1,0,0,0,0,0
1,0,-1,1,-1,-1,0,0,2,15,4,6,0,0,0,0,-1,0,0,0,0,2
1,1,-1,-1,-1,-1,0,0,17,9,5,7,0,0,0,0,29761,0,0,0,0,0
1,1,-1,1,0,0,0,0,13,9,6,7,0,1,0,0,-1,0,0,0,0,0
1,1,1,-1,-1,-1,0,0,3,19,8,10,0,0,0,0,-1,0,0,0,0,0
1,0,-1,-1,-1,0,0,0,10,23,7,12,0,0,1,1,15003,0,0,0,17,21
1,0,-1,-1,-1,-1,0,0,16,20,6,7,0,1,0,0,-1,0,0,0,0,0
1,0,-1,-1,-1,-1,0,0,17,28,9,13,0,1,1,0,-1,0,0,0,0,0
1,0,-1,-1,-1,1,0,1,1,19,10,16,0,0,1,0,-1,0,0,-1,-1,-1
1,0,-1,-1,-1,-1,0,1,36,14,11,13,1,1,0,0,-1,1,0,0,0,1
1,0,-1,-1,-1,1,0,1,67,19,13,14,1,0,0,0,-1,0,0,-1,-1,-1
1,0,-1,-1,-1,-1,0,1,51,19,7,8,0,0,0,1,21155,0,0,0,38,0
1,0,-1,-1,-1,-1,0,1,26,29,17,23,0,0,0,0,702,0,0,0,0,4
1,0,-1,-1,-1,1,0,0,15,7,5,7,0,0,0,0,-1,0,0,-1,-1,-1
